{
  "orig_freq": 44100,
  "new_freq": 16000,
  "lowpass_filter_width": 6,
  "rolloff": 0.99,
  "input": [
    0.49671414494514465,
    -0.13826429843902588,
    0.6476885676383972,
    1.5230298042297363,
    -0.2341533750295639,
    -0.23413695394992828,
    1.5792127847671509,
    0.7674347162246704,
    -0.4694743752479553,
    0.5425600409507751,
    -0.4634176790714264,
    -0.4657297432422638,
    0.241962268948555,
    -1.9132802486419678,
    -1.7249178886413574,
    -0.5622875094413757,
    -1.0128310918807983,
    0.31424733996391296,
    -0.9080240726470947,
    -1.4123036861419678,
    1.4656487703323364,
    -0.2257762998342514,
    0.06752820312976837,
    -1.424748182296753,
    -0.5443827509880066,
    0.11092258989810944,
    -1.1509935855865479,
    0.3756980299949646,
    -0.6006386876106262,
    -0.2916937470436096,
    -0.6017066240310669,
    1.852278232574463,
    -0.013497225008904934,
    -1.057710886001587,
    0.8225449323654175,
    -1.2208436727523804,
    0.20886360108852386,
    -1.959670066833496,
    -1.32818603515625,
    0.19686123728752136,
    0.7384665608406067,
    0.1713682860136032,
    -0.1156482845544815,
    -0.3011036813259125,
    -1.4785219430923462,
    -0.7198442220687866,
    -0.46063876152038574,
    1.0571222305297852,
    0.3436183035373688,
    -1.7630401849746704,
    0.32408398389816284,
    -0.38508227467536926,
    -0.6769220232963562,
    0.6116762757301331,
    1.0309995412826538,
    0.9312801361083984,
    -0.8392175436019897,
    -0.3092123866081238,
    0.3312634229660034,
    0.9755451083183289,
    -0.4791742265224457,
    -0.18565897643566132,
    -1.106334924697876,
    -1.1962065696716309,
    0.8125258088111877,
    1.3562400341033936,
    -0.07201012223958969,
    1.003532886505127,
    0.3616360127925873,
    -0.6451197266578674,
    0.36139559745788574,
    1.538036584854126,
    -0.03582603856921196,
    1.5646436214447021,
    -2.6197450160980225,
    0.8219025135040283,
    0.08704707026481628,
    -0.2990073561668396,
    0.0917607769370079,
    -1.9875688552856445,
    -0.21967189013957977,
    0.3571125566959381,
    1.4778940677642822,
    -0.5182701945304871,
    -0.8084936141967773,
    -0.501757025718689,
    0.9154021143913269,
    0.3287511169910431,
    -0.5297601819038391,
    0.513267457485199,
    0.09707754850387573,
    0.9686449766159058,
    -0.7020530700683594,
    -0.3276621401309967,
    -0.39210814237594604,
    -1.4635149240493774,
    0.296120285987854,
    0.26105526089668274,
    0.00511345686390996,
    -0.23458713293075562
  ],
  "expected_output": [
    0.24552755057811737,
    0.5451217889785767,
    0.5518654584884644,
    0.29018348455429077,
    -0.43751856684684753,
    -1.2305541038513184,
    -0.688744306564331,
    -0.08550257980823517,
    -0.27524083852767944,
    -0.5942913293838501,
    -0.31783777475357056,
    0.1658671498298645,
    0.15246553719043732,
    -0.9586805701255798,
    -0.48767489194869995,
    0.34859517216682434,
    -1.0421602725982666,
    0.24384933710098267,
    -0.6241507530212402,
    0.26231324672698975,
    0.28230300545692444,
    0.16015470027923584,
    -0.35468342900276184,
    -0.28090953826904297,
    0.8436615467071533,
    0.09021636843681335,
    0.6414220333099365,
    -0.2256181836128235,
    -0.3668709993362427,
    -0.33716824650764465,
    0.23422229290008545,
    -0.22222688794136047,
    0.3118295669555664,
    0.2087443470954895,
    -0.6829020977020264,
    -0.09167849272489548,
    0.0014428980648517609
  ]
}